USE airline_reservation_project;

INSERT INTO management_crew
VALUES
	('admin1', 'admin1@', 'Tony','Manager'),
    ('admin2', 'admin2@', 'Steve','Director'),
    ('admin3', 'admin3@', 'Natasha','Assistant Manager'),
    ('admin4', 'admin4@', 'Bruce', 'Assistant Director'),
    ('admin5', 'admin5@', 'Peter', 'Developer');

INSERT INTO passenger_types
VALUES
    (1,'Registered Passenger'),
    (2,'Guest Passenger');

INSERT INTO passengers (PassengerId, PassengerTypeId) VALUES
(1, 1), (2, 2), (3, 1), (4, 2), (5, 1), (6, 2), (7, 1), (8, 2), (9, 1), (10, 2),
(11, 1), (12, 2), (13, 1), (14, 2), (15, 1), (16, 2), (17, 1), (18, 2), (19, 1), (20, 2), 
(21, 1), (22, 2), (23, 1), (24, 2), (25, 1), (26, 2), (27, 1), (28, 2), (29, 1), (30, 2),
(31, 1), (32, 1), (33, 1), (34, 1), (35, 1);

INSERT INTO reward_class 
VALUES 
    (1,'Frequent',0.05),    -- more than or equal 5
    (2,'Gold',0.09);		-- more than or equal 10
 
INSERT INTO guest_passengers
VALUES 
	(2, '3456ABCD', '8475710023','Emma','Watson','watson@gmail.com','211513042','1993-07-09'),
	(4, 'WX90YZ12', '4750885716','Liam','Benjamin','liam@gmail.com','311195855','1995-06-09'),
	(6, 'ST56UV78', '8296473336','Oliver','Mason','oliver@gmail.com','387434732','2007-12-12'),
	(8, 'OP12QR34', '8978715005','Sophia','Addison','sophia@gmail.com','834654675','1992-02-28'),
	(10, 'KL78MN90', '5522708877','William','James','william@gmail.com','389517385','2009-01-12'),
	(12, 'GH34IJ56', '0318816399', 'Olivia', 'Smith', 'olivia@gmail.com', '512346789', '1996-03-15'),
	(14, 'CD90EF12', '7872157461', 'Noah', 'Johnson', 'noah@gmail.com', '673890124', '1994-08-22'),
	(16, 'YZ56AB78', '9544432425', 'Ava', 'Williams', 'ava@gmail.com', '216578934', '2000-09-30'),
	(18, 'UV12WX34', '1537114665', 'Liam', 'Davis', 'liam.davis@gmail.com', '745981234', '1991-11-17'),
	(20, 'QR78ST90', '9431428668', 'Isabella', 'Wilson', 'isabella@gmail.com', '319874561', '2013-05-03'),
	(22, 'MN34OP56', '6740355221', 'Lucas', 'Miller', 'lucas@gmail.com', '456789012', '2011-04-10'),
	(24, 'IJ90KL12', '3372975869', 'Mia', 'Brown', 'mia@gmail.com', '589012345', '1998-02-08'),
	(26, 'EF56GH78', '9559838862', 'Benjamin', 'Jones', 'benjamin@gmail.com', '673489012', '1996-07-25'),
	(28, 'AB12CD34', '8151779932', 'Charlotte', 'Garcia', 'charlotte@gmail.com', '987654321', '2014-12-01'),
	(30, '90YZ1234', '5266603715', 'Elijah', 'Martinez', 'elijah@gmail.com', '234567890', '1993-06-05');

INSERT INTO registered_passengers
VALUES
    ('oliverjohnson', 1, 1, '78WX7890',  '6172745074', 'Oliver', 'Johnson', 'oliver.johnson@gmail.com', '345345678', '2007-08-22', 'password', '123 Oak Street', 'United States', 'New York', 'Male', 7),
    ('sophiadavis', 3, NULL, '56UV3456', '1935923772', 'Sophia', 'Davis', 'sophia.davis@gmail.com', '712345678', '1993-09-30', 'password', '456 Pine Avenue', 'Canada', 'Toronto', 'Female', 1),
    ('ethanwilliams', 5, NULL, '56UV3456', '6912863859', 'Ethan', 'Williams', 'ethan@gmail.com', '812345678', '2015-11-17', 'password', '789 Maple Lane', 'Australia', 'Sydney', 'Male', 4),
    ('miawilson', 7, NULL, '34ST9012', '8044450755', 'Mia', 'Wilson', 'mia.wilson@gmail.com', '912345678', '1990-05-03', 'password', '101 Cherry Street', 'United Kingdom', 'London', 'Female', 2),
    ('lucasmiller', 9, 2, '12QR5678', '5585195973', 'Lucas', 'Miller', 'lucas.miller@gmail.com', '101234567', '2011-04-10', 'password', '234 Elm Road', 'Germany', 'Berlin', 'Male', 15),
    ('avabrown', 11, NULL, '90OP1234', '5715584887', 'Ava', 'Brown', 'ava.brown@gmail.com', '111234567', '1998-02-08', 'password', '345 Willow Lane', 'France', 'Paris', 'Female', 2),
    ('liamjones', 13, 2, '67MN7890', '9474417216', 'Liam', 'Jones', 'liam.jones@gmail.com', '121234567', '2010-07-25', 'password', '567 Birch Street', 'Spain', 'Madrid', 'Male', 13),
    ('charlottegarcia', 15, NULL, '78GH5678', '4067460483', 'Charlotte', 'Garcia', 'charlotte.garcia@gmail.com', '131234567', '1992-12-01', 'password', '678 Oak Avenue', 'Italy', 'Rome', 'Female', 1),
    ('elijahmartinez', 17, NULL, '56EF1234', '6657610324', 'Elijah', 'Martinez', 'elijah.martinez@gmail.com', '141234567', '2013-06-05', 'password', '789 Cedar Road', 'Japan', 'Tokyo', 'Male', 4),
    ('masonanderson', 19, 1, '34CD7890', '9728647777', 'Mason', 'Anderson', 'mason@gmail.com', '151234567', '1995-10-18', 'password', '890 Pine Lane', 'Canada', 'Vancouver', 'Male', 8),
    ('sakuratanaka', 21, NULL, '12AB3456', '1914271080', 'Sakura', 'Tanaka', 'sakura.tanaka@gmail.com', '161234567', '2014-05-20', 'password', '123 Cherry Blossom Lane', 'Japan', 'Tokyo', 'Female', 2),
    ('jinkim', 23, NULL, 'YZ345678', '9313401802', 'Jin', 'Kim', 'jin.kim@gmail.com', '171234567', '1996-09-10', 'password', '456 Han River Street', 'South Korea', 'Seoul', 'Male', 3),
    ('meili',25, NULL, 'WX789012', '7842984861', 'Mei', 'Li', 'mei.li@gmail.com', '181234567', '2012-12-15', 'password', '789 Bamboo Lane', 'China', 'Beijing', 'Female', 1),
    ('ravipatel', 27, 2, 'UV123456', '0390672465', 'Ravi', 'Patel', 'ravi.patel@gmail.com', '191234567', '1995-03-25', 'password', '101 Saffron Road', 'India', 'Mumbai', 'Male', 14),
    ('ayeshakhan', 29, NULL, 'ST567890', '5041557937', 'Ayesha', 'Khan', 'ayesha.khan@gmail.com', '201234567', '2009-07-08', 'password', '234 Spice Lane', 'Pakistan', 'Karachi', 'Female', 2),
    ('yukinakamura', 31, NULL, 'QR901234', '7328512379', 'Yuki', 'Nakamura', 'yuki.nakamura@gmail.com', '211234567', '1996-11-12', 'password', '123 Sakura Street', 'Japan', 'Kyoto', 'Female', 2),
    ('minholee', 32, NULL, 'OP345678', '4900661363', 'Minho', 'Lee', 'minho.lee@gmail.com', '221234567', '2011-04-28', 'password', '456 Hanok Lane', 'South Korea', 'Busan', 'Male', 3),
    ('weichen', 32, 1, 'MN789012', '1506979840', 'Wei', 'Chen', 'wei.chen@gmail.com','231234567', '1993-09-03', 'password', '789 Bamboo Grove Road', 'China', 'Shanghai', 'Male', 8),
    ('priyasharma', 34, NULL, 'IJ567890', '6819587761', 'Priya', 'Sharma', 'priya.sharma@gmail.com', '241234567', '2008-08-17', 'password', '101 Jasmine Avenue', 'India', 'Delhi', 'Female', 4),
    ('hassanali',35, NULL, 'GH901234', '6471454547', 'Hassan', 'Ali', 'hassan.ali@gmail.com', '251234567', '1992-12-30', 'password', '234 Spice Market Street', 'Pakistan', 'Lahore', 'Male', 2);

INSERT INTO airports
VALUES
	('CGK','Soekarno-Hatta International Airport','Indonesia','Western Java','Jakarta'),
    ('DPS','Ngurah Rai International Airport','Indonesia','Bali island','Bali'),
    ('BIA','Bandaranayake International Airport','Sri Lanka','Colombo','Katunayake'),
    ('HRI','Mattala Rajapaksa International Airport','Sri Lanka','Hambantota','Hambantota'),
    ('DEL','Indira Gandhi International Airport','India','Delhi','Palam'),
    ('BOM','Mumbai International Airport','India','Mumbai','Andheri'),
    ('MAA','Chennai International Airport','India','Tamil Nadu','Chennai'),
    ('BKK','Suvarnabhumi International Airport','Thailand','Bangkok','Bangkok'),
    ('DMK','Don Mueang Airport','Thailand','Bangkok','Sanambin'),
    ('SIN','Singapore Changi Airport','Singapore','Changi','Changi');

INSERT INTO aircraft_models
VALUES 
	(1,'Boeing 737',10,10,10),
	(2,'Boeing 757',15,15,15),
	(3,'Airbus A380',20,20,20);

INSERT INTO aircrafts
VALUES
	('A1',1),
	('A2',1),
	('A3',1),
	('A4',2),
	('A5',2),
	('A6',2),
	('A7',2),
	('A8',3);

INSERT INTO routes
VALUES
	-- CGK 
    (1, 'CGK', 'DPS', 611), (2, 'CGK', 'BIA', 2062), (3, 'CGK', 'HRI', 1959), (4, 'CGK', 'DEL', 3101),
    (5, 'CGK', 'BOM', 2885), (6, 'CGK', 'MAA', 2248), (7, 'CGK', 'BKK', 1428), (8, 'CGK', 'DMK', 1446), 
    (9, 'CGK', 'SIN', 549),
    -- DPS
    (10, 'DPS', 'CGK', 611), (11, 'DPS', 'BIA', 2668), (12, 'DPS', 'HRI', 2565), (13, 'DPS', 'DEL', 3618),
    (14, 'DPS', 'BOM', 3464), (15, 'DPS', 'MAA', 2833), (16, 'DPS', 'BKK', 1839), (17, 'DPS', 'DMK', 2989),
    (18, 'DPS', 'SIN', 1039),
    -- BIA
    (19, 'BIA', 'CGK', 2062), (20, 'BIA', 'DPS', 2668), (21, 'BIA', 'HRI', 106), (22, 'BIA', 'DEL', 1489),
	(23, 'BIA', 'BOM', 949), (24, 'BIA', 'MAA', 402), (25, 'BIA', 'BKK', 1487), (26, 'BIA', 'DMK', 1482),
	(27, 'BIA', 'SIN', 1709),
    -- HRI
    (28, 'HRI', 'CGK', 1959), (29, 'HRI', 'DPS', 2565), (30, 'HRI', 'BIA', 106), (31, 'HRI', 'DEL', 1562),
    (32, 'HRI', 'BOM', 1045), (33, 'HRI', 'MAA', 468), (34, 'HRI', 'BKK', 1429), (35, 'HRI', 'DMK', 1425),
    (36, 'HRI', 'SIN', 1613),
    -- DEL
    (37, 'DEL', 'CGK', 3101), (38, 'DEL', 'DPS', 3618), (39, 'DEL', 'BIA', 1489), (40, 'DEL', 'HRI', 1562),
    (41, 'DEL', 'BOM', 708), (42, 'DEL', 'MAA', 1095), (43, 'DEL', 'BKK', 1832), (44, 'DEL', 'DMK', 1815),
    (45, 'DEL', 'SIN', 2585),
    -- BOM
    (46, 'BOM', 'CGK', 2885), (47, 'BOM', 'DPS', 3464), (48, 'BOM', 'BIA', 949), (49, 'BOM', 'HRI', 1045),
    (50, 'BOM', 'DEL', 708), (51, 'BOM', 'MAA', 643), (52, 'BOM', 'BKK', 1884), (53, 'BOM', 'DMK', 1870),
    (54, 'BOM', 'SIN', 2437),
    -- MAA
    (55, 'MAA', 'CGK', 2248), (56, 'MAA', 'DPS', 2833), (57, 'MAA', 'BIA', 402), (58, 'MAA', 'HRI', 468),
    (59, 'MAA', 'DEL', 1095), (60, 'MAA', 'BOM', 643), (61, 'MAA', 'BKK', 1384), (62, 'MAA', 'DMK', 1375),
    (63, 'MAA', 'SIN', 1818),
    -- BKK
    (64, 'BKK', 'CGK', 1428), (65, 'BKK', 'DPS', 1839), (66, 'BKK', 'BIA', 1487), (67, 'BKK', 'HRI', 1429),
    (68, 'BKK', 'DEL', 1832), (69, 'BKK', 'BOM', 1884), (70, 'BKK', 'MAA', 1384), (71, 'BKK', 'DMK', 19),
    (72, 'BKK', 'SIN', 881),
	-- DMK
    (73, 'DMK', 'CGK', 1446), (74, 'DMK', 'DPS', 2989), (75, 'DMK', 'BIA', 1482), (76, 'DMK', 'HRI', 1425),
    (77, 'DMK', 'DEL', 1815), (78, 'DMK', 'BOM', 1870), (79, 'DMK', 'MAA', 1375), (80, 'DMK', 'BKK', 19),
    (81, 'DMK', 'SIN', 899),
    -- SIN
    (82, 'SIN', 'CGK', 549), (83, 'SIN', 'DPS', 1039), (84, 'SIN', 'BIA', 1709), (85, 'SIN', 'HRI', 1613),
    (86, 'SIN', 'DEL', 2585), (87, 'SIN', 'BOM', 2437), (88, 'SIN', 'MAA', 1818), (89, 'SIN', 'BKK', 881),
    (90, 'SIN', 'DMK', 899);
    
INSERT INTO flights_schedule
VALUES 
	-- A1
	(1, 'A1', 1, '2023-01-01', '01:00', '2023-01-01', '03:00', 'available'),
    (2, 'A1', 12, '2023-01-01', '12:00', '2023-01-01', '14:00', 'available'),
    (3, 'A1', 32, '2023-01-02', '01:00', '2023-01-02', '03:00', 'available'),
    (4, 'A1', 50, '2023-01-02', '12:00', '2023-01-02', '14:00', 'available'),
    (5, 'A1', 39, '2023-01-03', '01:00', '2023-01-03', '03:00', 'available'),
    (6, 'A1', 24, '2023-01-03', '12:00', '2023-01-03', '14:00', 'available'),
    (7, 'A1', 32, '2023-01-04', '01:00', '2023-01-04', '03:00', 'available'),
    (8, 'A1', 56, '2023-01-04', '12:00', '2023-01-04', '14:00', 'available'),
    (9, 'A1', 16, '2023-01-05', '01:00', '2023-01-05', '03:00', 'available'),
    (10, 'A1', 64, '2023-01-05', '12:00', '2023-01-05', '14:00', 'available'),
    (11, 'A1', 4, '2023-01-06', '01:00', '2023-01-06', '03:00', 'available'),
    (12, 'A1', 44, '2023-01-06', '12:00', '2023-01-06', '14:00', 'available'),
    (13, 'A1', 76, '2023-01-07', '01:00', '2023-01-07', '03:00', 'available'),
    (14, 'A1', 36, '2023-01-07', '12:00', '2023-01-07', '14:00', 'available'),
    (15, 'A1', 89, '2023-01-08', '01:00', '2023-01-08', '03:00', 'available'),
    (16, 'A1', 70, '2023-01-08', '12:00', '2023-01-08', '14:00', 'available'),
    (17, 'A1', 62, '2023-01-09', '01:00', '2023-01-09', '03:00', 'available'),
    (18, 'A1', 77, '2023-01-09', '12:00', '2023-01-09', '14:00', 'available'),
    (19, 'A1', 41, '2023-01-10', '01:00', '2023-01-10', '03:00', 'available'),
    (20, 'A1', 47, '2023-01-10', '12:00', '2023-01-10', '14:00', 'available'),
    (21, 'A1', 14, '2023-01-11', '01:00', '2023-01-11', '03:00', 'available'),
    (22, 'A1', 52, '2023-01-11', '12:00', '2023-01-11', '14:00', 'available'),
    (23, 'A1', 66, '2023-01-12', '01:00', '2023-01-12', '03:00', 'available'),
    (24, 'A1', 22, '2023-01-12', '12:00', '2023-01-12', '14:00', 'available'),
    (25, 'A1', 40, '2023-01-13', '01:00', '2023-01-13', '03:00', 'available'),
    (26, 'A1', 35, '2023-01-13', '12:00', '2023-01-13', '14:00', 'available'),
    (27, 'A1', 75, '2023-01-14', '01:00', '2023-01-14', '03:00', 'available'),
    (28, 'A1', 22, '2023-01-14', '12:00', '2023-01-14', '14:00', 'available'),
    (29, 'A1', 42, '2023-01-15', '01:00', '2023-01-15', '03:00', 'available'),
    (30, 'A1', 55, '2023-01-15', '12:00', '2023-01-15', '14:00', 'available'),
    
    -- A2
    (31, 'A2', 2, '2023-01-01', '01:30', '2023-01-01', '03:30', 'available'),
    (32, 'A2', 22, '2023-01-01', '12:30', '2023-01-01', '14:30', 'available'),
    (33, 'A2', 40, '2023-01-02', '01:30', '2023-01-02', '03:30', 'available'),
    (34, 'A2', 32, '2023-01-02', '12:30', '2023-01-02', '14:30', 'available'),
    (35, 'A2', 53, '2023-01-03', '01:30', '2023-01-03', '03:30', 'available'),
    (36, 'A2', 74, '2023-01-03', '12:30', '2023-01-03', '14:30', 'available'),
    (37, 'A2', 12, '2023-01-04', '01:30', '2023-01-04', '03:30', 'available'),
    (38, 'A2', 34, '2023-01-04', '12:30', '2023-01-04', '14:30', 'available'),
    (39, 'A2', 66, '2023-01-05', '01:30', '2023-01-05', '03:30', 'available'),
    (40, 'A2', 23, '2023-01-05', '12:30', '2023-01-05', '14:30', 'available'),
    (41, 'A2', 49, '2023-01-06', '01:30', '2023-01-06', '03:30', 'available'),
    (42, 'A2', 33, '2023-01-06', '12:30', '2023-01-06', '14:30', 'available'),
    (43, 'A2', 47, '2023-01-07', '01:30', '2023-01-07', '03:30', 'available'),
    (44, 'A2', 10, '2023-01-07', '12:30', '2023-01-07', '14:30', 'available'),
    (45, 'A2', 9, '2023-01-08', '01:30', '2023-01-08', '03:30', 'available'),
    (46, 'A2', 84, '2023-01-08', '12:30', '2023-01-08', '14:30', 'available'),
    (47, 'A2', 20, '2023-01-09', '01:30', '2023-01-09', '03:30', 'available'),
    (48, 'A2', 10, '2023-01-09', '12:30', '2023-01-09', '14:30', 'available'),
    (49, 'A2', 3, '2023-01-10', '01:30', '2023-01-10', '03:30', 'available'),
    (50, 'A2', 29, '2023-01-10', '12:30', '2023-01-10', '14:30', 'available'),
    (51, 'A2', 14, '2023-01-11', '01:30', '2023-01-11', '03:30', 'available'),
    (52, 'A2', 51, '2023-01-11', '12:30', '2023-01-11', '14:30', 'available'),
    (53, 'A2', 61, '2023-01-12', '01:30', '2023-01-12', '03:30', 'available'),
    (54, 'A2', 70, '2023-01-12', '12:30', '2023-01-12', '14:30', 'available'),
    (55, 'A2', 60, '2023-01-13', '01:30', '2023-01-13', '03:30', 'available'),
    (56, 'A2', 48, '2023-01-13', '12:30', '2023-01-13', '14:30', 'available'),
    (57, 'A2', 24, '2023-01-14', '01:30', '2023-01-14', '03:30', 'available'),
    (58, 'A2', 62, '2023-01-14', '12:30', '2023-01-14', '14:30', 'available'),
    (59, 'A2', 80, '2023-01-15', '01:30', '2023-01-15', '03:30', 'available'),
    (60, 'A2', 72, '2023-01-15', '12:30', '2023-01-15', '14:30', 'available'),

    -- A3
    (61, 'A3', 90, '2023-01-01', '02:00', '2023-01-01', '04:00', 'available'),
    (62, 'A3', 81, '2023-01-01', '13:00', '2023-01-01', '15:00', 'available'),
    (63, 'A3', 86, '2023-01-02', '02:00', '2023-01-02', '04:00', 'available'),
    (64, 'A3', 38, '2023-01-02', '13:00', '2023-01-02', '15:00', 'available'),
    (65, 'A3', 11, '2023-01-03', '02:00', '2023-01-03', '04:00', 'available'),
    (66, 'A3', 21, '2023-01-03', '13:00', '2023-01-03', '15:00', 'available'),
    (67, 'A3', 31, '2023-01-04', '02:00', '2023-01-04', '04:00', 'available'),
    (68, 'A3', 42, '2023-01-04', '13:00', '2023-01-04', '15:00', 'available'),
    (69, 'A3', 62, '2023-01-05', '02:00', '2023-01-05', '04:00', 'available'),
    (70, 'A3', 74, '2023-01-05', '13:00', '2023-01-05', '15:00', 'available'),
    (71, 'A3', 15, '2023-01-06', '02:00', '2023-01-06', '04:00', 'available'),
    (72, 'A3', 56, '2023-01-06', '13:00', '2023-01-06', '15:00', 'available'),
    (73, 'A3', 17, '2023-01-07', '02:00', '2023-01-07', '04:00', 'available'),
    (74, 'A3', 73, '2023-01-07', '13:00', '2023-01-07', '15:00', 'available'),
    (75, 'A3', 1, '2023-01-08', '02:00', '2023-01-08', '04:00', 'available'),
    (76, 'A3', 11, '2023-01-08', '13:00', '2023-01-08', '15:00', 'available'),
    (77, 'A3', 23, '2023-01-09', '02:00', '2023-01-09', '04:00', 'available'),
    (78, 'A3', 52, '2023-01-09', '13:00', '2023-01-09', '15:00', 'available'),
    (79, 'A3', 70, '2023-01-10', '02:00', '2023-01-10', '04:00', 'available'),
    (80, 'A3', 55, '2023-01-10', '13:00', '2023-01-10', '15:00', 'available'),
    (81, 'A3', 8, '2023-01-11', '02:00', '2023-01-11', '04:00', 'available'),
    (82, 'A3', 76, '2023-01-11', '13:00', '2023-01-11', '15:00', 'available'),
    (83, 'A3', 32, '2023-01-12', '02:00', '2023-01-12', '04:00', 'available'),
    (84, 'A3', 46, '2023-01-12', '13:00', '2023-01-12', '15:00', 'available'),
    (85, 'A3', 4, '2023-01-13', '02:00', '2023-01-13', '04:00', 'available'),
    (86, 'A3', 38, '2023-01-13', '13:00', '2023-01-13', '15:00', 'available'),
    (87, 'A3', 10, '2023-01-14', '02:00', '2023-01-14', '04:00', 'available'),
    (88, 'A3', 1, '2023-01-14', '13:00', '2023-01-14', '15:00', 'available'),
    (89, 'A3', 16, '2023-01-15', '02:00', '2023-01-15', '04:00', 'available'),
    (90, 'A3', 67, '2023-01-15', '13:00', '2023-01-15', '15:00', 'available'),
    
    -- A4
    (91, 'A4', 34, '2023-01-01', '02:30', '2023-01-01', '04:30', 'available'),
    (92, 'A4', 70, '2023-01-01', '13:30', '2023-01-01', '15:30', 'available'),
    (93, 'A4', 56, '2023-01-02', '02:30', '2023-01-02', '04:30', 'available'),
    (94, 'A4', 13, '2023-01-02', '13:30', '2023-01-02', '15:30', 'available'),
    (95, 'A4', 40, '2023-01-03', '02:30', '2023-01-03', '04:30', 'available'),
    (96, 'A4', 34, '2023-01-03', '13:30', '2023-01-03', '15:30', 'available'),
    (97, 'A4', 64, '2023-01-04', '02:30', '2023-01-04', '04:30', 'available'),
    (98, 'A4', 6, '2023-01-04', '13:30', '2023-01-04', '15:30', 'available'),
    (99, 'A4', 58, '2023-01-05', '02:30', '2023-01-05', '04:30', 'available'),
    (100, 'A4', 36, '2023-01-05', '13:30', '2023-01-05', '15:30', 'available'),
    (101, 'A4', 90, '2023-01-06', '02:30', '2023-01-06', '04:30', 'available'),
    (102, 'A4', 80, '2023-01-06', '13:30', '2023-01-06', '15:30', 'available'),
    (103, 'A4', 71, '2023-01-07', '02:30', '2023-01-07', '04:30', 'available'),
    (104, 'A4', 81, '2023-01-07', '13:30', '2023-01-07', '15:30', 'available'),
    (105, 'A4', 85, '2023-01-08', '02:30', '2023-01-08', '04:30', 'available'),
    (106, 'A4', 31, '2023-01-08', '13:30', '2023-01-08', '15:30', 'available'),
    (107, 'A4', 41, '2023-01-09', '02:30', '2023-01-09', '04:30', 'available'),
    (108, 'A4', 52, '2023-01-09', '13:30', '2023-01-09', '15:30', 'available'),
    (109, 'A4', 67, '2023-01-10', '02:30', '2023-01-10', '04:30', 'available'),
    (110, 'A4', 29, '2023-01-10', '13:30', '2023-01-10', '15:30', 'available'),
    (111, 'A4', 13, '2023-01-11', '02:30', '2023-01-11', '04:30', 'available'),
    (112, 'A4', 44, '2023-01-11', '13:30', '2023-01-11', '15:30', 'available'),
    (113, 'A4', 75, '2023-01-12', '02:30', '2023-01-12', '04:30', 'available'),
    (114, 'A4', 19, '2023-01-12', '13:30', '2023-01-12', '15:30', 'available'),
    (115, 'A4', 5, '2023-01-13', '02:30', '2023-01-13', '04:30', 'available'),
    (116, 'A4', 53, '2023-01-13', '13:30', '2023-01-13', '15:30', 'available'),
    (117, 'A4', 73, '2023-01-14', '02:30', '2023-01-14', '04:30', 'available'),
    (118, 'A4', 1, '2023-01-14', '13:30', '2023-01-14', '15:30', 'available'),
    (119, 'A4', 10, '2023-01-15', '02:30', '2023-01-15', '04:30', 'available'),
    (120, 'A4', 7, '2023-01-15', '13:30', '2023-01-15', '15:30', 'available'),

    -- A5
    (121, 'A5', 65, '2023-01-01', '03:00', '2023-01-01', '05:00', 'available'),
    (122, 'A5', 15, '2023-01-01', '14:00', '2023-01-01', '16:00', 'available'),
    (123, 'A5', 62, '2023-01-02', '03:00', '2023-01-02', '05:00', 'available'),
    (124, 'A5', 77, '2023-01-02', '14:00', '2023-01-02', '16:00', 'available'),
    (125, 'A5', 43, '2023-01-03', '03:00', '2023-01-03', '05:00', 'available'),
    (126, 'A5', 71, '2023-01-03', '14:00', '2023-01-03', '16:00', 'available'),
    (127, 'A5', 79, '2023-01-04', '03:00', '2023-01-04', '05:00', 'available'),
    (128, 'A5', 56, '2023-01-04', '14:00', '2023-01-04', '16:00', 'available'),
    (129, 'A5', 14, '2023-01-05', '03:00', '2023-01-05', '05:00', 'available'),
    (130, 'A5', 46, '2023-01-05', '14:00', '2023-01-05', '16:00', 'available'),
    (131, 'A5', 8, '2023-01-06', '03:00', '2023-01-06', '05:00', 'available'),
    (132, 'A5', 80, '2023-01-06', '14:00', '2023-01-06', '16:00', 'available'),
    (133, 'A5', 66, '2023-01-07', '03:00', '2023-01-07', '05:00', 'available'),
    (134, 'A5', 25, '2023-01-07', '14:00', '2023-01-07', '16:00', 'available'),
    (135, 'A5', 64, '2023-01-08', '03:00', '2023-01-08', '05:00', 'available'),
    (136, 'A5', 3, '2023-01-08', '14:00', '2023-01-08', '16:00', 'available'),
    (137, 'A5', 33, '2023-01-09', '03:00', '2023-01-09', '05:00', 'available'),
    (138, 'A5', 55, '2023-01-09', '14:00', '2023-01-09', '16:00', 'available'),
    (139, 'A5', 6, '2023-01-10', '03:00', '2023-01-10', '05:00', 'available'),
    (140, 'A5', 60, '2023-01-10', '14:00', '2023-01-10', '16:00', 'available'),
    (141, 'A5', 49, '2023-01-11', '03:00', '2023-01-11', '05:00', 'available'),
    (142, 'A5', 31, '2023-01-11', '14:00', '2023-01-11', '16:00', 'available'),
    (143, 'A5', 44, '2023-01-12', '03:00', '2023-01-12', '05:00', 'available'),
    (144, 'A5', 81, '2023-01-12', '14:00', '2023-01-12', '16:00', 'available'),
    (145, 'A5', 82, '2023-01-13', '03:00', '2023-01-13', '05:00', 'available'),
    (146, 'A5', 9, '2023-01-13', '14:00', '2023-01-13', '16:00', 'available'),
    (147, 'A5', 87, '2023-01-14', '03:00', '2023-01-14', '05:00', 'available'),
    (148, 'A5', 47, '2023-01-14', '14:00', '2023-01-14', '16:00', 'available'),
    (149, 'A5', 13, '2023-01-15', '03:00', '2023-01-15', '05:00', 'available'),
    (150, 'A5', 45, '2023-01-15', '14:00', '2023-01-15', '16:00', 'available'),
    
    -- A6
    (151, 'A6', 84, '2023-01-01', '03:30', '2023-01-01', '05:30', 'available'),
    (152, 'A6', 21, '2023-01-01', '14:30', '2023-01-01', '16:30', 'available'),
    (153, 'A6', 31, '2023-01-02', '03:30', '2023-01-02', '05:30', 'available'),
    (154, 'A6', 43, '2023-01-02', '14:30', '2023-01-02', '16:30', 'available'),
    (155, 'A6', 67, '2023-01-03', '03:30', '2023-01-03', '05:30', 'available'),
    (156, 'A6', 31, '2023-01-03', '14:30', '2023-01-03', '16:30', 'available'),
    (157, 'A6', 41, '2023-01-04', '03:30', '2023-01-04', '05:30', 'available'),
    (158, 'A6', 47, '2023-01-04', '14:30', '2023-01-04', '16:30', 'available'),
    (159, 'A6', 14, '2023-01-05', '03:30', '2023-01-05', '05:30', 'available'),
    (160, 'A6', 51, '2023-01-05', '14:30', '2023-01-05', '16:30', 'available'),
    (161, 'A6', 61, '2023-01-06', '03:30', '2023-01-06', '05:30', 'available'),
    (162, 'A6', 70, '2023-01-06', '14:30', '2023-01-06', '16:30', 'available'),
    (163, 'A6', 60, '2023-01-07', '03:30', '2023-01-07', '05:30', 'available'),
    (164, 'A6', 53, '2023-01-07', '14:30', '2023-01-07', '16:30', 'available'),
    (165, 'A6', 81, '2023-01-08', '03:30', '2023-01-08', '05:30', 'available'),
    (166, 'A6', 90, '2023-01-08', '14:30', '2023-01-08', '16:30', 'available'),
    (167, 'A6', 80, '2023-01-09', '03:30', '2023-01-09', '05:30', 'available'),
    (168, 'A6', 64, '2023-01-09', '14:30', '2023-01-09', '16:30', 'available'),
    (169, 'A6', 5, '2023-01-10', '03:30', '2023-01-10', '05:30', 'available'),
    (170, 'A6', 47, '2023-01-10', '14:30', '2023-01-10', '16:30', 'available'),
    (171, 'A6', 13, '2023-01-11', '03:30', '2023-01-11', '05:30', 'available'),
    (172, 'A6', 45, '2023-01-11', '14:30', '2023-01-11', '16:30', 'available'),
    (173, 'A6', 88, '2023-01-12', '03:30', '2023-01-12', '05:30', 'available'),
    (174, 'A6', 58, '2023-01-12', '14:30', '2023-01-12', '16:30', 'available'),
    (175, 'A6', 30, '2023-01-13', '03:30', '2023-01-13', '05:30', 'available'),
    (176, 'A6', 20, '2023-01-13', '14:30', '2023-01-13', '16:30', 'available'),
    (177, 'A6', 15, '2023-01-14', '03:30', '2023-01-14', '05:30', 'available'),
    (178, 'A6', 56, '2023-01-14', '14:30', '2023-01-14', '16:30', 'available'),
    (179, 'A6', 17, '2023-01-15', '03:30', '2023-01-15', '05:30', 'available'),
    (180, 'A6', 78, '2023-01-15', '14:30', '2023-01-15', '16:30', 'available'),
    
    -- A7
    (181, 'A7', 50, '2023-01-01', '04:00', '2023-01-01', '06:00', 'available'),
    (182, 'A7', 40, '2023-01-01', '15:00', '2023-01-01', '17:00', 'available'),
    (183, 'A7', 29, '2023-01-02', '04:00', '2023-01-02', '06:00', 'available'),
    (184, 'A7', 11, '2023-01-02', '15:00', '2023-01-02', '17:00', 'available'),
    (185, 'A7', 19, '2023-01-03', '04:00', '2023-01-03', '06:00', 'available'),
    (186, 'A7', 1, '2023-01-03', '15:00', '2023-01-03', '17:00', 'available'),
    (187, 'A7', 18, '2023-01-04', '04:00', '2023-01-04', '06:00', 'available'),
    (188, 'A7', 22, '2023-01-04', '15:00', '2023-01-04', '17:00', 'available'),
    (189, 'A7', 7, '2023-01-05', '04:00', '2023-01-05', '06:00', 'available'),
    (190, 'A7', 71, '2023-01-05', '15:00', '2023-01-05', '17:00', 'available'),
    (191, 'A7', 77, '2023-01-06', '04:00', '2023-01-06', '06:00', 'available'),
    (192, 'A7', 37, '2023-01-06', '15:00', '2023-01-06', '17:00', 'available'),
    (193, 'A7', 4, '2023-01-07', '04:00', '2023-01-07', '06:00', 'available'),
    (194, 'A7', 42, '2023-01-07', '15:00', '2023-01-07', '17:00', 'available'),
    (195, 'A7', 59, '2023-01-08', '04:00', '2023-01-08', '06:00', 'available'),
    (196, 'A7', 43, '2023-01-08', '15:00', '2023-01-08', '17:00', 'available'),
    (197, 'A7', 70, '2023-01-09', '04:00', '2023-01-09', '06:00', 'available'),
    (198, 'A7', 55, '2023-01-09', '15:00', '2023-01-09', '17:00', 'available'),
    (199, 'A7', 3, '2023-01-10', '04:00', '2023-01-10', '06:00', 'available'),
    (200, 'A7', 29, '2023-01-10', '15:00', '2023-01-10', '17:00', 'available'),
    (201, 'A7', 11, '2023-01-11', '04:00', '2023-01-11', '06:00', 'available'),
    (202, 'A7', 23, '2023-01-11', '15:00', '2023-01-11', '17:00', 'available'),
    (203, 'A7', 47, '2023-01-12', '04:00', '2023-01-12', '06:00', 'available'),
    (204, 'A7', 15, '2023-01-12', '15:00', '2023-01-12', '17:00', 'available'),
    (205, 'A7', 57, '2023-01-13', '04:00', '2023-01-13', '06:00', 'available'),
    (206, 'A7', 27, '2023-01-13', '15:00', '2023-01-13', '17:00', 'available'),
    (207, 'A7', 83, '2023-01-14', '04:00', '2023-01-14', '06:00', 'available'),
    (208, 'A7', 16, '2023-01-14', '15:00', '2023-01-14', '17:00', 'available'),
    (209, 'A7', 68, '2023-01-15', '04:00', '2023-01-15', '06:00', 'available'),
    (210, 'A7', 37, '2023-01-15', '15:00', '2023-01-15', '17:00', 'available'),
    
    -- A8
    (211, 'A8', 3, '2023-01-01', '04:30', '2023-01-01', '06:30', 'available'),
    (212, 'A8', 32, '2023-01-01', '15:30', '2023-01-01', '17:30', 'available'),
    (213, 'A8', 53, '2023-01-02', '04:30', '2023-01-02', '06:30', 'available'),
    (214, 'A8', 75, '2023-01-02', '15:30', '2023-01-02', '17:30', 'available'),
    (215, 'A8', 20, '2023-01-03', '04:30', '2023-01-03', '06:30', 'available'),
    (216, 'A8', 12, '2023-01-03', '15:30', '2023-01-03', '17:30', 'available'),
    (217, 'A8', 31, '2023-01-04', '04:30', '2023-01-04', '06:30', 'available'),
    (218, 'A8', 41, '2023-01-04', '15:30', '2023-01-04', '17:30', 'available'),
    (219, 'A8', 51, '2023-01-05', '04:30', '2023-01-05', '06:30', 'available'),
    (220, 'A8', 62, '2023-01-05', '15:30', '2023-01-05', '17:30', 'available'),
    (221, 'A8', 81, '2023-01-06', '04:30', '2023-01-06', '06:30', 'available'),
    (222, 'A8', 87, '2023-01-06', '15:30', '2023-01-06', '17:30', 'available'),
    (223, 'A8', 49, '2023-01-07', '04:30', '2023-01-07', '06:30', 'available'),
    (224, 'A8', 34, '2023-01-07', '15:30', '2023-01-07', '17:30', 'available'),
    (225, 'A8', 65, '2023-01-08', '04:30', '2023-01-08', '06:30', 'available'),
    (226, 'A8', 13, '2023-01-08', '15:30', '2023-01-08', '17:30', 'available'),
    (227, 'A8', 37, '2023-01-09', '04:30', '2023-01-09', '06:30', 'available'),
    (228, 'A8', 3, '2023-01-09', '15:30', '2023-01-09', '17:30', 'available'),
    (229, 'A8', 34, '2023-01-10', '04:30', '2023-01-10', '06:30', 'available'),
    (230, 'A8', 64, '2023-01-10', '15:30', '2023-01-10', '17:30', 'available'),
    (231, 'A8', 7, '2023-01-11', '04:30', '2023-01-11', '06:30', 'available'),
    (232, 'A8', 61, '2023-01-11', '15:30', '2023-01-11', '17:30', 'available'),
    (233, 'A8', 70, '2023-01-12', '04:30', '2023-01-12', '06:30', 'available'),
    (234, 'A8', 57, '2023-01-12', '15:30', '2023-01-12', '17:30', 'available'),
    (235, 'A8', 19, '2023-01-13', '04:30', '2023-01-13', '06:30', 'available'),
    (236, 'A8', 9, '2023-01-13', '15:30', '2023-01-13', '17:30', 'available'),
    (237, 'A8', 76, '2023-01-14', '04:30', '2023-01-14', '06:30', 'available'),
    (238, 'A8', 28, '2023-01-14', '15:30', '2023-01-14', '17:30', 'available'),
    (239, 'A8', 2, '2023-01-15', '04:30', '2023-01-15', '06:30', 'available'),
    (240, 'A8', 27, '2023-01-15', '15:30', '2023-01-15', '17:30', 'available');

INSERT INTO traveler_classes
VALUES
	(1,'Economy'),
    (2,'Bussiness'),
    (3,'Platinum');

INSERT INTO price_table
VALUES
	(1, 1, 50 ), (1, 2, 100 ), (1, 3, 150 ), 
	(2, 1, 200 ), (2, 2, 400 ), (2, 3, 600 ),
	(3, 1, 50 ), (3, 2, 100 ), (3, 3, 150 ), 
	(4, 1, 175 ), (4, 2, 350 ), (4, 3, 525 ),
	(5, 1, 150 ), (5, 2, 300 ), (5, 3, 450 ),
	(6, 1, 200 ), (6, 2, 400 ), (6, 3, 600 ), 
	(7, 1, 125 ), (7, 2, 250 ), (7, 3, 375 ),
	(8, 1, 150 ), (8, 2, 300 ), (8, 3, 450 ),
	(9, 1, 75 ), (9, 2, 150 ), (9, 3, 225 ), 
	(10, 1, 125 ), (10, 2, 250 ), (10, 3, 375 ),
	(11, 1, 50 ), (11, 2, 100 ), (11, 3, 150 ),
	(12, 1, 225 ), (12, 2, 450 ), (12, 3, 675 ),
	(13, 1, 100 ), (13, 2, 200 ), (13, 3, 300 ), 
	(14, 1, 175 ), (14, 2, 350 ), (14, 3, 525 ),
	(15, 1, 150 ), (15, 2, 300 ), (15, 3, 450 ), 
	(16, 1, 200 ), (16, 2, 400 ), (16, 3, 600 ),
	(17, 1, 75 ), (17, 2, 150 ), (17, 3, 225 ),
	(18, 1, 225 ), (18, 2, 450 ), (18, 3, 675 ), 
	(19, 1, 100 ), (19, 2, 200 ), (19, 3, 300 ),
	(20, 1, 225 ), (20, 2, 450 ), (20, 3, 675 ), 
	(21, 1, 200 ), (21, 2, 400 ), (21, 3, 600 ),
	(22, 1, 225 ), (22, 2, 450 ), (22, 3, 675 ), 
	(23, 1, 175 ), (23, 2, 350 ), (23, 3, 525 ),
	(24, 1, 200 ), (24, 2, 400 ), (24, 3, 600 ),
	(25, 1, 75 ), (25, 2, 150 ), (25, 3, 225 ), 
	(26, 1, 200 ), (26, 2, 400 ), (26, 3, 600 ),
	(27, 1, 250 ), (27, 2, 500 ), (27, 3, 750 ),
	(28, 1, 250 ), (28, 2, 500 ), (28, 3, 750 ), 
	(29, 1, 50 ), (29, 2, 100 ), (29, 3, 150 ),
	(30, 1, 250 ), (30, 2, 500 ), (30, 3, 750 ),
	(31, 1, 175 ), (31, 2, 350 ), (31, 3, 525 ), 
	(32, 1, 50 ), (32, 2, 100 ), (32, 3, 150 ),
	(33, 1, 175 ), (33, 2, 350 ), (33, 3, 525 ),
	(34, 1, 250 ), (34, 2, 500 ), (34, 3, 750 ), 
	(35, 1, 175 ), (35, 2, 350 ), (35, 3, 525 ),
	(36, 1, 50 ), (36, 2, 100 ), (36, 3, 150 ), 
	(37, 1, 100 ), (37, 2, 200 ), (37, 3, 300 ),
	(38, 1, 125 ), (38, 2, 250 ), (38, 3, 375 ),
	(39, 1, 200 ), (39, 2, 400 ), (39, 3, 600 ), 
	(40, 1, 50 ), (40, 2, 100 ), (40, 3, 150 ),
	(41, 1, 50 ), (41, 2, 100 ), (41, 3, 150 ),
	(42, 1, 125 ), (42, 2, 250 ), (42, 3, 375 ),
	(43, 1, 200 ), (43, 2, 400 ), (43, 3, 600 ),
	(44, 1, 100 ), (44, 2, 200 ), (44, 3, 300 ), 
	(45, 1, 150 ), (45, 2, 300 ), (45, 3, 450 ),
	(46, 1, 125 ), (46, 2, 250 ), (46, 3, 375 ),
	(47, 1, 50 ), (47, 2, 100 ), (47, 3, 150 ), 
	(48, 1, 125 ), (48, 2, 250 ), (48, 3, 375 ),
	(49, 1, 175 ), (49, 2, 350 ), (49, 3, 525 ),
	(50, 1, 125 ), (50, 2, 250 ), (50, 3, 375 ), 
	(51, 1, 50 ), (51, 2, 100 ), (51, 3, 150 ),
	(52, 1, 75 ), (52, 2, 150 ), (52, 3, 225 ),
	(53, 1, 225 ), (53, 2, 450 ), (53, 3, 675 ), 
	(54, 1, 150 ), (54, 2, 300 ), (54, 3, 450 ),
	(55, 1, 150 ), (55, 2, 300 ), (55, 3, 450 ),
	(56, 1, 250 ), (56, 2, 500 ), (56, 3, 750 ), 
	(57, 1, 225 ), (57, 2, 450 ), (57, 3, 675 ), 
	(58, 1, 150 ), (58, 2, 300 ), (58, 3, 450 ),
	(59, 1, 150 ), (59, 2, 300 ), (59, 3, 450 ),
	(60, 1, 150 ), (60, 2, 300 ), (60, 3, 450 ), 
	(61, 1, 225 ), (61, 2, 450 ), (61, 3, 675 ), 
	(62, 1, 225 ), (62, 2, 450 ), (62, 3, 675 ),
	(63, 1, 250 ), (63, 2, 500 ), (63, 3, 750 ),
	(64, 1, 175 ), (64, 2, 350 ), (64, 3, 525 ), 
	(65, 1, 175 ), (65, 2, 350 ), (65, 3, 525 ),
	(66, 1, 200 ), (66, 2, 400 ), (66, 3, 600 ), 
	(67, 1, 225 ), (67, 2, 450 ), (67, 3, 675 ),
	(68, 1, 200 ), (68, 2, 400 ), (68, 3, 600 ),
	(69, 1, 50 ), (69, 2, 100 ), (69, 3, 150 ), 
	(70, 1, 150 ), (70, 2, 300 ), (70, 3, 450 ),
	(71, 1, 100 ), (71, 2, 200 ), (71, 3, 300 ),
	(72, 1, 250 ), (72, 2, 500 ), (72, 3, 750 ), 
	(73, 1, 50 ), (73, 2, 100 ), (73, 3, 150 ),
	(74, 1, 125 ), (74, 2, 250 ), (74, 3, 375 ),
	(75, 1, 75 ), (75, 2, 150 ), (75, 3, 225 ), 
	(76, 1, 75 ), (76, 2, 150 ), (76, 3, 225 ),
	(77, 1, 175 ), (77, 2, 350 ), (77, 3, 525 ), 
	(78, 1, 175 ), (78, 2, 350 ), (78, 3, 525 ), 
	(79, 1, 100 ), (79, 2, 200 ), (79, 3, 300 ),
	(80, 1, 225 ), (80, 2, 450 ), (80, 3, 675 ), 
	(81, 1, 50 ), (81, 2, 100 ), (81, 3, 150 ),
	(82, 1, 200 ), (82, 2, 400 ), (82, 3, 600 ),
	(83, 1, 100 ), (83, 2, 200 ), (83, 3, 300 ), 
	(84, 1, 225 ), (84, 2, 450 ), (84, 3, 675 ),
	(85, 1, 175 ), (85, 2, 350 ), (85, 3, 525 ),
	(86, 1, 200 ), (86, 2, 400 ), (86, 3, 600 ), 
	(87, 1, 150 ), (87, 2, 300 ), (87, 3, 450 ),
	(88, 1, 125 ), (88, 2, 250 ), (88, 3, 375 ),
	(89, 1, 125 ), (89, 2, 250 ), (89, 3, 375 ), 
	(90, 1, 200 ), (90, 2, 400 ), (90, 3, 600 ),
	(91, 1, 175 ), (91, 2, 350 ), (91, 3, 525 ),
	(92, 1, 75 ), (92, 2, 150 ), (92, 3, 225 ), 
	(93, 1, 75 ), (93, 2, 150 ), (93, 3, 225 ),
	(94, 1, 75 ), (94, 2, 150 ), (94, 3, 225 ),
	(95, 1, 100 ), (95, 2, 200 ), (95, 3, 300 ), 
	(96, 1, 75 ), (96, 2, 150 ), (96, 3, 225 ), 
	(97, 1, 150 ), (97, 2, 300 ), (97, 3, 450 ),
	(98, 1, 175 ), (98, 2, 350 ), (98, 3, 525 ),
	(99, 1, 100 ), (99, 2, 200 ), (99, 3, 300 ), 
	(100, 1, 125 ), (100, 2, 250 ), (100, 3, 375 ),
	(101, 1, 75 ), (101, 2, 150 ), (101, 3, 225 ), 
	(102, 1, 175 ), (102, 2, 350 ), (102, 3, 525 ),
	(103, 1, 150 ), (103, 2, 300 ), (103, 3, 450 ),
	(104, 1, 50 ), (104, 2, 100 ), (104, 3, 150 ), 
	(105, 1, 75 ), (105, 2, 150 ), (105, 3, 225 ),
	(106, 1, 125 ), (106, 2, 250 ), (106, 3, 375 ),
	(107, 1, 100 ), (107, 2, 200 ), (107, 3, 300 ),
	(108, 1, 125 ), (108, 2, 250 ), (108, 3, 375 ), 
	(109, 1, 175 ), (109, 2, 350 ), (109, 3, 525 ),
	(110, 1, 150 ), (110, 2, 300 ), (110, 3, 450 ),
	(111, 1, 175 ), (111, 2, 350 ), (111, 3, 525 ), 
	(112, 1, 150 ), (112, 2, 300 ), (112, 3, 450 ),
	(113, 1, 225 ), (113, 2, 450 ), (113, 3, 675 ),
	(114, 1, 175 ), (114, 2, 350 ), (114, 3, 525 ), 
	(115, 1, 200 ), (115, 2, 400 ), (115, 3, 600 ),
	(116, 1, 200 ), (116, 2, 400 ), (116, 3, 600 ),
	(117, 1, 225 ), (117, 2, 450 ), (117, 3, 675 ), 
	(118, 1, 150 ), (118, 2, 300 ), (118, 3, 450 ),
	(119, 1, 200 ), (119, 2, 400 ), (119, 3, 600 ),
	(120, 1, 125 ), (120, 2, 250 ), (120, 3, 375 ), 
	(121, 1, 125 ), (121, 2, 250 ), (121, 3, 375 ), 
	(122, 1, 125 ), (122, 2, 250 ), (122, 3, 375 ),
	(123, 1, 100 ), (123, 2, 200 ), (123, 3, 300 ), 
	(124, 1, 150 ), (124, 2, 300 ), (124, 3, 450 ),
	(125, 1, 75 ), (125, 2, 150 ), (125, 3, 225 ),
	(126, 1, 75 ), (126, 2, 150 ), (126, 3, 225 ), 
	(127, 1, 75 ), (127, 2, 150 ), (127, 3, 225 ),
	(128, 1, 150 ), (128, 2, 300 ), (128, 3, 450 ), 
	(129, 1, 150 ), (129, 2, 300 ), (129, 3, 450 ),
	(130, 1, 50 ), (130, 2, 100 ), (130, 3, 150 ), 
	(131, 1, 225 ), (131, 2, 450 ), (131, 3, 675 ),
	(132, 1, 225 ), (132, 2, 450 ), (132, 3, 675 ),
	(133, 1, 250 ), (133, 2, 500 ), (133, 3, 750 ), 
	(134, 1, 175 ), (134, 2, 350 ), (134, 3, 525 ),
	(135, 1, 225 ), (135, 2, 450 ), (135, 3, 675 ),
	(136, 1, 175 ), (136, 2, 350 ), (136, 3, 525 ),
	(137, 1, 200 ), (137, 2, 400 ), (137, 3, 600 ), 
	(138, 1, 150 ), (138, 2, 300 ), (138, 3, 450 ),
	(139, 1, 225 ), (139, 2, 450 ), (139, 3, 675 ), 
	(140, 1, 150 ), (140, 2, 300 ), (140, 3, 450 ),
	(141, 1, 100 ), (141, 2, 200 ), (141, 3, 300 ), 
	(142, 1, 200 ), (142, 2, 400 ), (142, 3, 600 ),
	(143, 1, 175 ), (143, 2, 350 ), (143, 3, 525 ),
	(144, 1, 50 ), (144, 2, 100 ), (144, 3, 150 ), 
	(145, 1, 150 ), (145, 2, 300 ), (145, 3, 450 ),
	(146, 1, 125 ), (146, 2, 250 ), (146, 3, 375 ),
	(147, 1, 250 ), (147, 2, 500 ), (147, 3, 750 ), 
	(148, 1, 50 ), (148, 2, 100 ), (148, 3, 150 ),
	(149, 1, 75 ), (149, 2, 150 ), (149, 3, 225 ), 
	(150, 1, 50 ), (150, 2, 100 ), (150, 3, 150 ),
	(151, 1, 225 ), (151, 2, 450 ), (151, 3, 675 ), 
	(152, 1, 100 ), (152, 2, 200 ), (152, 3, 300 ),
	(153, 1, 250 ), (153, 2, 500 ), (153, 3, 750 ),
	(154, 1, 225 ), (154, 2, 450 ), (154, 3, 675 ), 
	(155, 1, 225 ), (155, 2, 450 ), (155, 3, 675 ),
	(156, 1, 250 ), (156, 2, 500 ), (156, 3, 750 ), 
	(157, 1, 125 ), (157, 2, 250 ), (157, 3, 375 ),
	(158, 1, 100 ), (158, 2, 200 ), (158, 3, 300 ),
	(159, 1, 50 ), (159, 2, 100 ), (159, 3, 150 ), 
	(160, 1, 75 ), (160, 2, 150 ), (160, 3, 225 ),
	(161, 1, 125 ), (161, 2, 250 ), (161, 3, 375 ), 
	(162, 1, 75 ), (162, 2, 150 ), (162, 3, 225 ),
	(163, 1, 125 ), (163, 2, 250 ), (163, 3, 375 ),
	(164, 1, 175 ), (164, 2, 350 ), (164, 3, 525 ),
	(165, 1, 75 ), (165, 2, 150 ), (165, 3, 225 ), 
	(166, 1, 225 ), (166, 2, 450 ), (166, 3, 675 ),
	(167, 1, 175 ), (167, 2, 350 ), (167, 3, 525 ),
	(168, 1, 125 ), (168, 2, 250 ), (168, 3, 375 ), 
	(169, 1, 125 ), (169, 2, 250 ), (169, 3, 375 ),
	(170, 1, 100 ), (170, 2, 200 ), (170, 3, 300 ), 
	(171, 1, 200 ), (171, 2, 400 ), (171, 3, 600 ),
	(172, 1, 100 ), (172, 2, 200 ), (172, 3, 300 ),
	(173, 1, 50 ), (173, 2, 100 ), (173, 3, 150 ), 
	(174, 1, 50 ), (174, 2, 100 ), (174, 3, 150 ),
	(175, 1, 200 ), (175, 2, 400 ), (175, 3, 600 ), 
	(176, 1, 50 ), (176, 2, 100 ), (176, 3, 150 ), 
	(177, 1, 225 ), (177, 2, 450 ), (177, 3, 675 ),
	(178, 1, 250 ), (178, 2, 500 ), (178, 3, 750 ), 
	(179, 1, 125 ), (179, 2, 250 ), (179, 3, 375 ), 
	(180, 1, 100 ), (180, 2, 200 ), (180, 3, 300 ),
	(181, 1, 250 ), (181, 2, 500 ), (181, 3, 750 ),
	(182, 1, 150 ), (182, 2, 300 ), (182, 3, 450 ), 
	(183, 1, 50 ), (183, 2, 100 ), (183, 3, 150 ),
	(184, 1, 175 ), (184, 2, 350 ), (184, 3, 525 ), 
	(185, 1, 75 ), (185, 2, 150 ), (185, 3, 225 ),
	(186, 1, 150 ), (186, 2, 300 ), (186, 3, 450 ),
	(187, 1, 50 ), (187, 2, 100 ), (187, 3, 150 ), 
	(188, 1, 250 ), (188, 2, 500 ), (188, 3, 750 ),
	(189, 1, 150 ), (189, 2, 300 ), (189, 3, 450 ),
	(190, 1, 100 ), (190, 2, 200 ), (190, 3, 300 ), 
	(191, 1, 175 ), (191, 2, 350 ), (191, 3, 525 ),
	(192, 1, 150 ), (192, 2, 300 ), (192, 3, 450 ), 
	(193, 1, 250 ), (193, 2, 500 ), (193, 3, 750 ), 
	(194, 1, 75 ), (194, 2, 150 ), (194, 3, 225 ),
	(195, 1, 225 ), (195, 2, 450 ), (195, 3, 675 ), 
	(196, 1, 125 ), (196, 2, 250 ), (196, 3, 375 ),
	(197, 1, 200 ), (197, 2, 400 ), (197, 3, 600 ), 
	(198, 1, 225 ), (198, 2, 450 ), (198, 3, 675 ),
	(199, 1, 125 ), (199, 2, 250 ), (199, 3, 375 ),
	(200, 1, 50 ), (200, 2, 100 ), (200, 3, 150 ), 
	(201, 1, 75 ), (201, 2, 150 ), (201, 3, 225 ),
	(202, 1, 75 ), (202, 2, 150 ), (202, 3, 225 ), 
	(203, 1, 225 ), (203, 2, 450 ), (203, 3, 675 ),
	(204, 1, 75 ), (204, 2, 150 ), (204, 3, 225 ), 
	(205, 1, 125 ), (205, 2, 250 ), (205, 3, 375 ),
	(206, 1, 175 ), (206, 2, 350 ), (206, 3, 525 ),
	(207, 1, 225 ), (207, 2, 450 ), (207, 3, 675 ), 
	(208, 1, 225 ), (208, 2, 450 ), (208, 3, 675 ),
	(209, 1, 225 ), (209, 2, 450 ), (209, 3, 675 ), 
	(210, 1, 100 ), (210, 2, 200 ), (210, 3, 300 ),
	(211, 1, 250 ), (211, 2, 500 ), (211, 3, 750 ), 
	(212, 1, 200 ), (212, 2, 400 ), (212, 3, 600 ),
	(213, 1, 125 ), (213, 2, 250 ), (213, 3, 375 ),
	(214, 1, 200 ), (214, 2, 400 ), (214, 3, 600 ), 
	(215, 1, 125 ), (215, 2, 250 ), (215, 3, 375 ),
	(216, 1, 150 ), (216, 2, 300 ), (216, 3, 450 ), 
	(217, 1, 225 ), (217, 2, 450 ), (217, 3, 675 ),
	(218, 1, 50 ), (218, 2, 100 ), (218, 3, 150 ), 
	(219, 1, 150 ), (219, 2, 300 ), (219, 3, 450 ),
	(220, 1, 200 ), (220, 2, 400 ), (220, 3, 600 ),
	(221, 1, 150 ), (221, 2, 300 ), (221, 3, 450 ),
	(222, 1, 200 ), (222, 2, 400 ), (222, 3, 600 ), 
	(223, 1, 150 ), (223, 2, 300 ), (223, 3, 450 ),
	(224, 1, 250 ), (224, 2, 500 ), (224, 3, 750 ), 
	(225, 1, 200 ), (225, 2, 400 ), (225, 3, 600 ),
	(226, 1, 200 ), (226, 2, 400 ), (226, 3, 600 ),
	(227, 1, 250 ), (227, 2, 500 ), (227, 3, 750 ), 
	(228, 1, 150 ), (228, 2, 300 ), (228, 3, 450 ),
	(229, 1, 100 ), (229, 2, 200 ), (229, 3, 300 ), 
	(230, 1, 150 ), (230, 2, 300 ), (230, 3, 450 ),
	(231, 1, 200 ), (231, 2, 400 ), (231, 3, 600 ),
	(232, 1, 125 ), (232, 2, 250 ), (232, 3, 375 ), 
	(233, 1, 50 ), (233, 2, 100 ), (233, 3, 150 ),
	(234, 1, 250 ), (234, 2, 500 ), (234, 3, 750 ), 
	(235, 1, 75 ), (235, 2, 150 ), (235, 3, 225 ),
	(236, 1, 225 ), (236, 2, 450 ), (236, 3, 675 ),
	(237, 1, 125 ), (237, 2, 250 ), (237, 3, 375 ), 
	(238, 1, 100 ), (238, 2, 200 ), (238, 3, 300 ),
	(239, 1, 100 ), (239, 2, 200 ), (239, 3, 300 ),
	(240, 1, 175 ), (240, 2, 350 ), (240, 3, 525 );

INSERT INTO seats
VALUES 
	('B737ES01',1,1,1,1),('B737ES02',1,1,1,2),('B737ES03',1,1,1,3),('B737ES04',1,1,1,4),('B737ES05',1,1,1,5),
    ('B737ES06',1,1,2,1),('B737ES07',1,1,2,2),('B737ES08',1,1,2,3),('B737ES09',1,1,2,4),('B737ES10',1,1,2,5),
    ('B737BS01',1,2,1,1),('B737BS02',1,2,1,2),('B737BS03',1,2,1,3),('B737BS04',1,2,1,4),('B737BS05',1,2,1,5),
    ('B737BS06',1,2,2,1),('B737BS07',1,2,2,2),('B737BS08',1,2,2,3),('B737BS09',1,2,2,4),('B737BS10',1,2,2,5),
    ('B737PS01',1,3,1,1),('B737PS02',1,3,1,2),('B737PS03',1,3,1,3),('B737PS04',1,3,1,4),('B737PS05',1,3,1,5),
    ('B737PS06',1,3,2,1),('B737PS07',1,3,2,2),('B737PS08',1,3,2,3),('B737PS09',1,3,2,4),('B737PS10',1,3,2,5),
    
    ('B757ES01',2,1,1,1),('B757ES02',2,1,1,2),('B757ES03',2,1,1,3),('B757ES04',2,1,1,4),('B757ES05',2,1,1,5),
    ('B757ES06',2,1,2,1),('B757ES07',2,1,2,2),('B757ES08',2,1,2,3),('B757ES09',2,1,2,4),('B757ES10',2,1,2,5),
    ('B757ES11',2,1,3,1),('B757ES12',2,1,3,2),('B757ES13',2,1,3,3),('B757ES14',2,1,3,4),('B757ES15',2,1,3,5),
    ('B757BS01',2,2,1,1),('B757BS02',2,2,1,2),('B757BS03',2,2,1,3),('B757BS04',2,2,1,4),('B757BS05',2,2,1,5),
    ('B757BS06',2,2,2,1),('B757BS07',2,2,2,2),('B757BS08',2,2,2,3),('B757BS09',2,2,2,4),('B757BS10',2,2,2,5),
    ('B757BS11',2,2,3,1),('B757BS12',2,2,3,2),('B757BS13',2,2,3,3),('B757BS14',2,2,3,4),('B757BS15',2,2,3,5),
    ('B757PS01',2,3,1,1),('B757PS02',2,3,1,2),('B757PS03',2,3,1,3),('B757PS04',2,3,1,4),('B757PS05',2,3,1,5),
    ('B757PS06',2,3,2,1),('B757PS07',2,3,2,2),('B757PS08',2,3,2,3),('B757PS09',2,3,2,4),('B757PS10',2,3,2,5),
    ('B757PS11',2,3,3,1),('B757PS12',2,3,3,2),('B757PS13',2,3,3,3),('B757PS14',2,3,3,4),('B757PS15',2,3,3,5),

	('A380ES01',3,1,1,1),('A380ES02',3,1,1,2),('A380ES03',3,1,1,3),('A380ES04',3,1,1,4),('A380ES05',3,1,1,5),
    ('A380ES06',3,1,2,1),('A380ES07',3,1,2,2),('A380ES08',3,1,2,3),('A380ES09',3,1,2,4),('A380ES10',3,1,2,5),
    ('A380ES11',3,1,3,1),('A380ES12',3,1,3,2),('A380ES13',3,1,3,3),('A380ES14',3,1,3,4),('A380ES15',3,1,3,5),
    ('A380ES16',3,1,4,1),('A380ES17',3,1,4,2),('A380ES18',3,1,4,3),('A380ES19',3,1,4,4),('A380ES20',3,1,4,5),
    ('A380BS01',3,2,1,1),('A380BS02',3,2,1,2),('A380BS03',3,2,1,3),('A380BS04',3,2,1,4),('A380BS05',3,2,1,5),
    ('A380BS06',3,2,2,1),('A380BS07',3,2,2,2),('A380BS08',3,2,2,3),('A380BS09',3,2,2,4),('A380BS10',3,2,2,5),
    ('A380BS11',3,2,3,1),('A380BS12',3,2,3,2),('A380BS13',3,2,3,3),('A380BS14',3,2,3,4),('A380BS15',3,2,3,5),
    ('A380BS16',3,2,4,1),('A380BS17',3,2,4,2),('A380BS18',3,2,4,3),('A380BS19',3,2,4,4),('A380BS20',3,2,4,5),
    ('A380PS01',3,3,1,1),('A380PS02',3,3,1,2),('A380PS03',3,3,1,3),('A380PS04',3,3,1,4),('A380PS05',3,3,1,5),
    ('A380PS06',3,3,2,1),('A380PS07',3,3,2,2),('A380PS08',3,3,2,3),('A380PS09',3,3,2,4),('A380PS10',3,3,2,5),
    ('A380PS11',3,3,3,1),('A380PS12',3,3,3,2),('A380PS13',3,3,3,3),('A380PS14',3,3,3,4),('A380PS15',3,3,3,5),
    ('A380PS16',3,3,4,1),('A380PS17',3,3,4,2),('A380PS18',3,3,4,3),('A380PS19',3,3,4,4),('A380PS20',3,3,4,5);
    
    
INSERT INTO tickets
VALUES
    (1, 1, 'B737ES01',1),
	(2, 1, 'B737ES02',2),
	(3, 1, 'B737BS01',3),
	(4, 1, 'B737BS02',4),
	(5, 1, 'B737PS01',5),
	(6, 1, 'B737PS02',6),
	(7, 2, 'B737ES01',7),
	(8, 2, 'B737ES02',8),
	(9, 2, 'B737BS01',9),
	(10, 2, 'B737BS02',10),
	(11, 2, 'B737PS01',11),
	(12, 2, 'B737PS02',12),
	(13, 3, 'B737ES01',13),
	(14, 3, 'B737ES02',14),
	(15, 3, 'B737BS01',15),
	(16, 3, 'B737BS02',16),
	(17, 3, 'B737PS01',17),
	(18, 3, 'B737PS02',18),
	(19, 4, 'B737ES01',19),
	(20, 4, 'B737ES02',20),
	(21, 4, 'B737BS01',21),
	(22, 4, 'B737BS02',22),
	(23, 4, 'B737PS01',23),
	(24, 4, 'B737PS02',24),
	(25, 5, 'B737ES01',25),
	(26, 5, 'B737ES02',26),
	(27, 5, 'B737BS01',27),
	(28, 5, 'B737BS02',28),
	(29, 5, 'B737PS01',29),
	(30, 5, 'B737PS02',30),
	(31, 6, 'B737ES01',31),
	(32, 6, 'B737ES02',32),
	(33, 6, 'B737BS01',33),
	(34, 6, 'B737BS02',34),
	(35, 6, 'B737PS01',1),
	(36, 6, 'B737PS02',2),
	(37, 7, 'B737ES01',3),
	(38, 7, 'B737ES02',4),
	(39, 7, 'B737BS01',5),
	(40, 7, 'B737BS02',6),
	(41, 7, 'B737PS01',7),
	(42, 7, 'B737PS02',8),
	(43, 8, 'B737ES01',9),
	(44, 8, 'B737ES02',10),
	(45, 8, 'B737BS01',11),
	(46, 8, 'B737BS02',12),
	(47, 8, 'B737PS01',13),
	(48, 8, 'B737PS02',14),
	(49, 9, 'B737ES01',15),
	(50, 9, 'B737ES02',16),
	(51, 9, 'B737BS01',17),
	(52, 9, 'B737BS02',18),
	(53, 9, 'B737PS01',19),
	(54, 9, 'B737PS02',20),
	(55, 10, 'B737ES01',21),
	(56, 10, 'B737ES02',22),
	(57, 10, 'B737BS01',23),
	(58, 10, 'B737BS02',24),
	(59, 10, 'B737PS01',25),
	(60, 10, 'B737PS02',26),
	(61, 11, 'B737ES01',27),
	(62, 11, 'B737ES02',28),
	(63, 11, 'B737BS01',29),
	(64, 11, 'B737BS02',30),
	(65, 11, 'B737PS01',31),
	(66, 11, 'B737PS02',32),
	(67, 12, 'B737ES01',33),
	(68, 12, 'B737ES02',34),
	(69, 12, 'B737BS01',1),
	(70, 12, 'B737BS02',2),
	(71, 12, 'B737PS01',3),
	(72, 12, 'B737PS02',4),
	(73, 13, 'B737ES01',5),
	(74, 13, 'B737ES02',6),
	(75, 13, 'B737BS01',7),
	(76, 13, 'B737BS02',8),
	(77, 13, 'B737PS01',9),
	(78, 13, 'B737PS02',10),
	(79, 14, 'B737ES01',11),
	(80, 14, 'B737ES02',12),
	(81, 14, 'B737BS01',13),
	(82, 14, 'B737BS02',14),
	(83, 14, 'B737PS01',15),
	(84, 14, 'B737PS02',16),
    (85, 31, 'B737ES01',24),
	(86, 31, 'B737ES02',25),
	(87, 31, 'B737BS01',26),
	(88, 31, 'B737BS02',27),
	(89, 31, 'B737PS01',28),
	(90, 31, 'B737PS02',29),
	(91, 32, 'B737ES01',30),
	(92, 32, 'B737ES02',31),
	(93, 32, 'B737BS01',32),
	(94, 32, 'B737BS02',33),
	(95, 32, 'B737PS01',34),
	(96, 32, 'B737PS02',1),
	(97, 33, 'B737ES01',2),
	(98, 33, 'B737ES02',3),
	(99, 33, 'B737BS01',4),
	(100, 33, 'B737BS02',5),
	(101, 33, 'B737PS01',6),
	(102, 33, 'B737PS02',7),
	(103, 34, 'B737ES01',8),
	(104, 34, 'B737ES02',9),
	(105, 34, 'B737BS01',10),
	(106, 34, 'B737BS02',11),
	(107, 34, 'B737PS01',12),
	(108, 34, 'B737PS02',13),
	(109, 35, 'B737ES01',14),
	(110, 35, 'B737ES02',15),
	(111, 35, 'B737BS01',16),
	(112, 35, 'B737BS02',17),
	(113, 35, 'B737PS01',18),
	(114, 35, 'B737PS02',19),
	(115, 36, 'B737ES01',20),
	(116, 36, 'B737ES02',21),
	(117, 36, 'B737BS01',22),
	(118, 36, 'B737BS02',23),
	(119, 36, 'B737PS01',24),
	(120, 36, 'B737PS02',25),
	(121, 37, 'B737ES01',26),
	(122, 37, 'B737ES02',27),
	(123, 37, 'B737BS01',28),
	(124, 37, 'B737BS02',29),
	(125, 37, 'B737PS01',30),
	(126, 37, 'B737PS02',31),
	(127, 38, 'B737ES01',32),
	(128, 38, 'B737ES02',33),
	(129, 38, 'B737BS01',34),
	(130, 38, 'B737BS02',1),
	(131, 38, 'B737PS01',2),
	(132, 38, 'B737PS02',3),
	(133, 39, 'B737ES01',4),
	(134, 39, 'B737ES02',5),
	(135, 39, 'B737BS01',6),
	(136, 39, 'B737BS02',7),
	(137, 39, 'B737PS01',8),
	(138, 39, 'B737PS02',9),
	(139, 40, 'B737ES01',10),
	(140, 40, 'B737ES02',11),
	(141, 40, 'B737BS01',12),
	(142, 40, 'B737BS02',13),
	(143, 40, 'B737PS01',14),
	(144, 40, 'B737PS02',15),
	(145, 41, 'B737ES01',16),
	(146, 41, 'B737ES02',17),
	(147, 41, 'B737BS01',18),
	(148, 41, 'B737BS02',19),
	(149, 41, 'B737PS01',20),
	(150, 41, 'B737PS02',21),
	(151, 42, 'B737ES01',22),
	(152, 42, 'B737ES02',23),
	(153, 42, 'B737BS01',24),
	(154, 42, 'B737BS02',25),
	(155, 42, 'B737PS01',26),
	(156, 42, 'B737PS02',27),
	(157, 43, 'B737ES01',28),
	(158, 43, 'B737ES02',29),
	(159, 43, 'B737BS01',30),
	(160, 43, 'B737BS02',31),
	(161, 43, 'B737PS01',32),
	(162, 43, 'B737PS02',33),
	(163, 44, 'B737ES01',34),
	(164, 44, 'B737ES02',1),
	(165, 44, 'B737BS01',2),
	(166, 44, 'B737BS02',3),
	(167, 44, 'B737PS01',4),
	(168, 44, 'B737PS02',5),
    (169, 91, 'B757ES01',13),
	(170, 91, 'B757ES02',14),
	(171, 91, 'B757BS01',15),
	(172, 91, 'B757BS02',16),
	(173, 91, 'B757PS01',17),
	(174, 91, 'B757PS02',18),
	(175, 92, 'B757ES01',19),
	(176, 92, 'B757ES02',20),
	(177, 92, 'B757BS01',21),
	(178, 92, 'B757BS02',22),
	(179, 92, 'B757PS01',23),
	(180, 92, 'B757PS02',24),
	(181, 93, 'B757ES01',25),
	(182, 93, 'B757ES02',26),
	(183, 93, 'B757BS01',27),
	(184, 93, 'B757BS02',28),
	(185, 93, 'B757PS01',29),
	(186, 93, 'B757PS02',30),
	(187, 94, 'B757ES01',31),
	(188, 94, 'B757ES02',32),
	(189, 94, 'B757BS01',33),
	(190, 94, 'B757BS02',34),
	(191, 94, 'B757PS01',1),
	(192, 94, 'B757PS02',2),
	(193, 95, 'B757ES01',3),
	(194, 95, 'B757ES02',4),
	(195, 95, 'B757BS01',5),
	(196, 95, 'B757BS02',6),
	(197, 95, 'B757PS01',7),
	(198, 95, 'B757PS02',8),
	(199, 96, 'B757ES01',9),
	(200, 96, 'B757ES02',10),
	(201, 96, 'B757BS01',11),
	(202, 96, 'B757BS02',12),
	(203, 96, 'B757PS01',13),
	(204, 96, 'B757PS02',14),
	(205, 97, 'B757ES01',15),
	(206, 97, 'B757ES02',16),
	(207, 97, 'B757BS01',17),
	(208, 97, 'B757BS02',18),
	(209, 97, 'B757PS01',19),
	(210, 97, 'B757PS02',20),
	(211, 98, 'B757ES01',21),
	(212, 98, 'B757ES02',22),
	(213, 98, 'B757BS01',23),
	(214, 98, 'B757BS02',24),
	(215, 98, 'B757PS01',25),
	(216, 98, 'B757PS02',26),
	(217, 99, 'B757ES01',27),
	(218, 99, 'B757ES02',28),
	(219, 99, 'B757BS01',29),
	(220, 99, 'B757BS02',30),
	(221, 99, 'B757PS01',31),
	(222, 99, 'B757PS02',32),
	(223, 100, 'B757ES01',33),
	(224, 100, 'B757ES02',34),
	(225, 100, 'B757BS01',1),
	(226, 100, 'B757BS02',2),
	(227, 100, 'B757PS01',3),
	(228, 100, 'B757PS02',4),
	(229, 101, 'B757ES01',5),
	(230, 101, 'B757ES02',6),
	(231, 101, 'B757BS01',7),
	(232, 101, 'B757BS02',8),
	(233, 101, 'B757PS01',9),
	(234, 101, 'B757PS02',10),
	(235, 102, 'B757ES01',11),
	(236, 102, 'B757ES02',12),
	(237, 102, 'B757BS01',13),
	(238, 102, 'B757BS02',14),
	(239, 102, 'B757PS01',15),
	(240, 102, 'B757PS02',16),
	(241, 103, 'B757ES01',17),
	(242, 103, 'B757ES02',18),
	(243, 103, 'B757BS01',19),
	(244, 103, 'B757BS02',20),
	(245, 103, 'B757PS01',21),
	(246, 103, 'B757PS02',22),
	(247, 104, 'B757ES01',23),
	(248, 104, 'B757ES02',24),
	(249, 104, 'B757BS01',25),
	(250, 104, 'B757BS02',26),
	(251, 104, 'B757PS01',27),
	(252, 104, 'B757PS02',28),
	(253, 211, 'A380ES01',2),
	(254, 211, 'A380ES02',3),
	(255, 211, 'A380BS01',4),
	(256, 211, 'A380BS02',5),
	(257, 211, 'A380PS01',6),
	(258, 211, 'A380PS02',7),
	(259, 212, 'A380ES01',8),
	(260, 212, 'A380ES02',9),
	(261, 212, 'A380BS01',10),
	(262, 212, 'A380BS02',11),
	(263, 212, 'A380PS01',12),
	(264, 212, 'A380PS02',13),
	(265, 213, 'A380ES01',14),
	(266, 213, 'A380ES02',15),
	(267, 213, 'A380BS01',16),
	(268, 213, 'A380BS02',17),
	(269, 213, 'A380PS01',18),
	(270, 213, 'A380PS02',19),
	(271, 214, 'A380ES01',20),
	(272, 214, 'A380ES02',21),
	(273, 214, 'A380BS01',22),
	(274, 214, 'A380BS02',23),
	(275, 214, 'A380PS01',24),
	(276, 214, 'A380PS02',25),
	(277, 215, 'A380ES01',26),
	(278, 215, 'A380ES02',27),
	(279, 215, 'A380BS01',28),
	(280, 215, 'A380BS02',29),
	(281, 215, 'A380PS01',30),
	(282, 215, 'A380PS02',31),
	(283, 216, 'A380ES01',32),
	(284, 216, 'A380ES02',33),
	(285, 216, 'A380BS01',34),
	(286, 216, 'A380BS02',1),
	(287, 216, 'A380PS01',2),
	(288, 216, 'A380PS02',3),
	(289, 217, 'A380ES01',4),
	(290, 217, 'A380ES02',5),
	(291, 217, 'A380BS01',6),
	(292, 217, 'A380BS02',7),
	(293, 217, 'A380PS01',8),
	(294, 217, 'A380PS02',9),
	(295, 218, 'A380ES01',10),
	(296, 218, 'A380ES02',11),
	(297, 218, 'A380BS01',12),
	(298, 218, 'A380BS02',13),
	(299, 218, 'A380PS01',14),
	(300, 218, 'A380PS02',15),
	(301, 219, 'A380ES01',16),
	(302, 219, 'A380ES02',17),
	(303, 219, 'A380BS01',18),
	(304, 219, 'A380BS02',19),
	(305, 219, 'A380PS01',20),
	(306, 219, 'A380PS02',21),
	(307, 220, 'A380ES01',22),
	(308, 220, 'A380ES02',23),
	(309, 220, 'A380BS01',24),
	(310, 220, 'A380BS02',25),
	(311, 220, 'A380PS01',26),
	(312, 220, 'A380PS02',27),
	(313, 221, 'A380ES01',28),
	(314, 221, 'A380ES02',29),
	(315, 221, 'A380BS01',30),
	(316, 221, 'A380BS02',31),
	(317, 221, 'A380PS01',32),
	(318, 221, 'A380PS02',33),
	(319, 222, 'A380ES01',34),
	(320, 222, 'A380ES02',1),
	(321, 222, 'A380BS01',2),
	(322, 222, 'A380BS02',3),
	(323, 222, 'A380PS01',4),
	(324, 222, 'A380PS02',5),
	(325, 223, 'A380ES01',6),
	(326, 223, 'A380ES02',7),
	(327, 223, 'A380BS01',8),
	(328, 223, 'A380BS02',9),
	(329, 223, 'A380PS01',10),
	(330, 223, 'A380PS02',11),
	(331, 224, 'A380ES01',12),
	(332, 224, 'A380ES02',13),
	(333, 224, 'A380BS01',14),
	(334, 224, 'A380BS02',15),
	(335, 224, 'A380PS01',16),
	(336, 224, 'A380PS02',17),
	(337, 225, 'A380ES01',18),
	(338, 225, 'A380ES02',19),
	(339, 225, 'A380BS01',20),
	(340, 225, 'A380BS02',21),
	(341, 225, 'A380PS01',22),
	(342, 225, 'A380PS02',23),
	(343, 226, 'A380ES01',24),
	(344, 226, 'A380ES02',25),
	(345, 226, 'A380BS01',26),
	(346, 226, 'A380BS02',27),
	(347, 226, 'A380PS01',28),
	(348, 226, 'A380PS02',29),
	(349, 227, 'A380ES01',30),
	(350, 227, 'A380ES02',31),
	(351, 227, 'A380BS01',32),
	(352, 227, 'A380BS02',33),
	(353, 227, 'A380PS01',34),
	(354, 227, 'A380PS02',1),
	(355, 228, 'A380ES01',2),
	(356, 228, 'A380ES02',3),
	(357, 228, 'A380BS01',4),
	(358, 228, 'A380BS02',5),
	(359, 228, 'A380PS01',6),
	(360, 228, 'A380PS02',7),
	(361, 229, 'A380ES01',8),
	(362, 229, 'A380ES02',9),
	(363, 229, 'A380BS01',10),
	(364, 229, 'A380BS02',11),
	(365, 229, 'A380PS01',12),
	(366, 229, 'A380PS02',13),
	(367, 230, 'A380ES01',14),
	(368, 230, 'A380ES02',15),
	(369, 230, 'A380BS01',16),
	(370, 230, 'A380BS02',17),
	(371, 230, 'A380PS01',18),
	(372, 230, 'A380PS02',19),
	(373, 231, 'A380ES01',20),
	(374, 231, 'A380ES02',21),
	(375, 231, 'A380BS01',22),
	(376, 231, 'A380BS02',23),
	(377, 231, 'A380PS01',24),
	(378, 231, 'A380PS02',25),
	(379, 232, 'A380ES01',26),
	(380, 232, 'A380ES02',27),
	(381, 232, 'A380BS01',28),
	(382, 232, 'A380BS02',29),
	(383, 232, 'A380PS01',30),
	(384, 232, 'A380PS02',31),
	(385, 233, 'A380ES01',32),
	(386, 233, 'A380ES02',33),
	(387, 233, 'A380BS01',34),
	(388, 233, 'A380BS02',1),
	(389, 233, 'A380PS01',2),
	(390, 233, 'A380PS02',3),
	(391, 234, 'A380ES01',4),
	(392, 234, 'A380ES02',5),
	(393, 234, 'A380BS01',6),
	(394, 234, 'A380BS02',7),
	(395, 234, 'A380PS01',8),
	(396, 234, 'A380PS02',9),
	(397, 235, 'A380ES01',10),
	(398, 235, 'A380ES02',11),
	(399, 235, 'A380BS01',12),
	(400, 235, 'A380BS02',13),
	(401, 235, 'A380PS01',14),
	(402, 235, 'A380PS02',15),
	(403, 236, 'A380ES01',16),
	(404, 236, 'A380ES02',17),
	(405, 236, 'A380BS01',18),
	(406, 236, 'A380BS02',19),
	(407, 236, 'A380PS01',20),
	(408, 236, 'A380PS02',21),
	(409, 237, 'A380ES01',22),
	(410, 237, 'A380ES02',23),
	(411, 237, 'A380BS01',24),
	(412, 237, 'A380BS02',25),
	(413, 237, 'A380PS01',26),
	(414, 237, 'A380PS02',27),
	(415, 238, 'A380ES01',28),
	(416, 238, 'A380ES02',29),
	(417, 238, 'A380BS01',30),
	(418, 238, 'A380BS02',31),
	(419, 238, 'A380PS01',32),
	(420, 238, 'A380PS02',33),
	(421, 239, 'A380ES01',34),
	(422, 239, 'A380ES02',1),
	(423, 239, 'A380BS01',2),
	(424, 239, 'A380BS02',3),
	(425, 239, 'A380PS01',4),
	(426, 239, 'A380PS02',5),
	(427, 240, 'A380ES01',6),
	(428, 240, 'A380ES02',7),
	(429, 240, 'A380BS01',8),
	(430, 240, 'A380BS02',9),
	(431, 240, 'A380PS01',10),
	(432, 240, 'A380PS02',11);
    